"Phase ID","Category","Meeting Section","Title","Priority","Status","Tested Functional","Description","Action Items","Files Affected","Verification / How to Test","Owner","Notes"
"P1.1","Procurement","[0:07-4:17] Clinic Procurement and Inventory Budgeting","Defense-ready procurement documentation","High","done","yes","Current reorder system supports direct clinic-personnel ordering without a head-nurse dependency while retaining permission checks, one open request per item, a controlled lifecycle, and transactional audit events. Defense scope and non-goals are documented.","(a) Have clinic personnel approve the defense wording and monthly-budget boundary. (b) Keep the permission matrix and audit trail in the demo. (c) Revisit the workflow only if an actual approving role or budget-enforcement requirement is introduced.","docs/CLINIC_PROCUREMENT_DEFENSE.md; backend/app/Modules/Clinic/Services/ReorderService.php; backend/app/Modules/Clinic/Services/ReorderAutoCheckService.php; backend/app/Commands/ReorderAutoCheck.php","Open Inventory → Reorders as an authorized clinic user, create or auto-trigger a pending request, transition it through the permitted lifecycle, drain the audit outbox, and confirm `clinic.reorder_requested` plus transition events appear on the Audit page. Confirm a duplicate open request is rejected.","—","Defense notes now explain purpose, permissions, safeguards, auditability, and the explicit absence of software budget enforcement."
"P2.1","Inventory","[4:30-6:32] Inventory Status, Dispensing, and Ledger Tracking","Rename `ledger` → `transactions` and `balance` → `stock` across UI copy","High","in_progress","no","Web user-facing inventory copy now uses `Transactions`, `Stock after`, and `stock transactions`; persistent/API fields such as `balance_after` remain unchanged for compatibility. No corresponding user-facing ledger/balance copy was found in the current mobile inventory and medicine screens.","(a) Run the live web workflow and accessibility check. (b) Confirm reports/PDFs introduced by later work use the same vocabulary. (c) Capture the updated screen for the defense deck.","frontend/src/pages/InventoryPage.tsx; frontend/src/pages/DashboardPage.tsx; frontend/src/pages/ReportsPage.tsx","Open Inventory → Medicines and Supplies → Transactions. Confirm the dialog title says `Transactions`, the running column says `Stock after`, and error/help text does not say ledger or balance. Verify the dashboard inventory summary uses `stock transactions`.","—","Implementation, typecheck, lint, and production build pass. Live browser verification remains before marking done."
"P2.2","Inventory","[4:30-6:32] Inventory Status, Dispensing, and Ledger Tracking","Scrollable transactions panel with running stock","High","in_progress","no","The existing medicine and supply endpoints already return per-row `balance_after`. The web now exposes both histories in bounded scrollable transaction dialogs with signed In/Out columns and a visible `Stock after` column; no redundant endpoint alias is required.","(a) Run the live workflow against histories longer than five rows. (b) Confirm oldest-first ordering and stored running stock for receive/dispense/adjust/write-off events. (c) Add the equivalent transaction-history sheet to mobile if mobile mutation/history parity is required by stakeholders.","frontend/src/pages/InventoryPage.tsx; frontend/src/hooks/useMedicines.ts; frontend/src/hooks/useInventory.ts","Pick medicine and supply histories with more than five transactions. Open Transactions, scroll through all rows, and reconcile every `Stock after` value with its signed In/Out change. Confirm loading, empty, and failure states.","—","Web implementation and build are complete; integrated data reconciliation and the optional mobile history surface remain."
"P3.1","Inventory","[6:53-15:34] Inventory Forecasting and Stock Level Statuses","Replace vague `Low` / `Critical` with explicit `Needs to Reorder` and `Out of Stock` labels","High","in_progress","no","A canonical hard-number policy now derives `in_stock`, `needs_to_reorder`, or `out_of_stock` for both medicines and supplies. API DTOs expose `stock_status`, and web/mobile inventory surfaces render the explicit `In Stock`, `Needs to Reorder`, and `Out of Stock` labels while retaining `low_stock` only as a compatibility/filter field.","(a) Apply the target-stock migration in the integration environment. (b) Exercise all three status transitions with real inventory movements. (c) Confirm any later CSV/PDF exports use the same explicit labels. (d) Capture updated defense screenshots.","backend/app/Services/Inventory/StockLevelPolicy.php; backend/app/Modules/Clinic/DTOs/MedicineDto.php; backend/app/Modules/Clinic/DTOs/InventoryItemDto.php; frontend/src/pages/InventoryPage.tsx; frontend/src/schemas/medicines.ts; frontend/src/schemas/inventory.ts; mobile/lib/features/medicines/medicines_screen.dart; mobile/lib/features/inventory/inventory_screen.dart","Set threshold=10. At stock 0 confirm `Out of Stock`; at stock 3 confirm `Needs to Reorder`; above 10 confirm `In Stock`. Run `php vendor/bin/phpunit --filter StockLevelPolicyTest`, then verify the same labels in web and mobile.","—","Policy tests, backend suite (183 tests / 434 assertions), web typecheck/lint/build, and targeted Dart analysis pass. Live database/UI verification remains before marking done."
"P3.2","Inventory","[6:53-15:34] Inventory Forecasting and Stock Level Statuses","Hard-threshold auto-check (no percentage rules)","High","done","yes","Auto-check uses the fixed integer rule `quantity_on_hand <= reorder_level/reorder_threshold`; no percentage calculation participates in the trigger. Replenishment quantity is delegated to the target-stock policy without changing that threshold rule.","(a) Preserve the hard-number trigger and its contract tests. (b) Keep percentage-based stock triggers out of reorder services. (c) Validate configured replenishment targets under P3.3.","backend/app/Modules/Clinic/Services/ReorderService.php; backend/app/Services/Inventory/StockLevelPolicy.php; backend/tests/unit/StockLevelPolicyTest.php","Configure threshold=5 and stock=5, run `POST /clinic/reorders/auto-check`, and confirm a pending request is created. Review `ReorderService` and confirm the trigger is a direct integer comparison with no stock percentage.","—","Hard-threshold behavior is preserved and the full backend suite passes 183 tests / 434 assertions."
"P3.3","Inventory","[6:53-15:34] Inventory Forecasting and Stock Level Statuses","Configurable maximum stock and reorder target","High","in_progress","no","An additive migration introduces nullable `target_stock` on medicines, supplies, and reorder snapshots. Create/edit flows validate target > threshold; auto-check and manual suggestions use `target_stock - quantity_on_hand`. Existing positive-threshold rows are backfilled to their former two-times-threshold behavior for a safe rollout, and null legacy rows retain that fallback until edited.","(a) Apply and roll back the migration in a disposable integration database. (b) Have clinic staff replace provisional backfilled targets with approved hard values. (c) Run the real auto-check at the 40/120 example and inspect the persisted reorder snapshot. (d) Confirm authorized review can still change a manual request quantity.","backend/app/Database/Migrations/2026-08-13-000010_InventoryTargetStock.php; backend/app/Services/Inventory/StockLevelPolicy.php; backend/app/Modules/Clinic/Services/ReorderService.php; backend/app/Modules/Clinic/Services/InventoryService.php; backend/app/Modules/Clinic/Services/MedicineService.php; backend/app/Modules/Clinic/DTOs/InventoryItemDto.php; backend/app/Modules/Clinic/DTOs/MedicineDto.php; backend/app/Modules/Clinic/DTOs/ReorderDto.php; frontend/src/pages/InventoryPage.tsx; frontend/src/schemas/inventory.ts; frontend/src/schemas/medicines.ts; mobile/lib/features/inventory/inventory_screen.dart; mobile/lib/features/medicines/medicines_screen.dart","Configure threshold=40 and target=120. Policy tests confirm stock 40 proposes 80 and stock 0 proposes 120. Apply the migration, run auto-check in the integration database, and confirm those quantities plus the `target_stock` reorder snapshot.","—","Implementation and static/unit verification pass. Database migration execution and integrated reorder workflow remain before marking done."
"P4.1","Encounters","[15:47-22:14] Patient Encounters and Medical Records Management","Auto-prefill height/weight from previous encounter","High","in_progress","no","A privacy-scoped encounter endpoint now finds the latest height/weight from a different, unarchived encounter for the same canonical patient (with school-ID fallback for legacy rows). The web vitals form auto-fills only untouched height/weight fields, identifies the source encounter/date, and explicitly requires current measurement of BP, pulse, temperature, and SpO2.","(a) Run the two-visit workflow against the integration database. (b) Confirm user-entered values made before the query returns are never overwritten. (c) Verify a patient with no prior measurements gets blank fields. (d) Add equivalent behavior if mobile later gains vitals mutation support.","backend/app/Modules/Clinic/Services/ClinicService.php; backend/app/Modules/Clinic/Controllers/ClinicController.php; backend/app/Modules/Clinic/Routes.php; backend/tests/unit/PreviousHeightWeightContractTest.php; frontend/src/schemas/clinic.ts; frontend/src/hooks/useClinic.ts; frontend/src/pages/ClinicPage.tsx","For a patient with two encounters, record 60kg/170cm in the first. Open Record vitals on the second and confirm both values and the source hint appear. Override weight to 61 and save. Confirm BP/temp/pulse/SpO2 remain blank until measured. Run `php vendor/bin/phpunit --filter PreviousHeightWeightContractTest`.","—","Backend suite passes 185 tests / 438 assertions; web typecheck and lint pass. Live database/browser verification remains before marking done."
"P4.2","Encounters","[15:47-22:14] Patient Encounters and Medical Records Management","Step-organize the encounter workflow","Medium","done","yes","The encounter actions follow Vitals → Assessment / Progress → Treatments → Complete. The care surface now explicitly labels its clinical-notes section `Assessment / Progress` and `Diagnosis / progress notes`, matching the panel's terminology without changing the stored compatibility field.","(a) Preserve the sequence as the encounter UI evolves. (b) Validate the Assessment / Progress wording with clinic staff. (c) Add a visual step indicator only if usability testing shows the action order is still unclear.","frontend/src/pages/ClinicPage.tsx","Open an encounter and walk Record vitals → Care: Assessment / Progress → Treatments → Complete encounter. Confirm the labels and confirmation make the order clear.","—","Existing structure retained; wording is now explicit and web typecheck/lint pass."
"P4.3","Encounters","[15:47-22:14] Patient Encounters and Medical Records Management","Medicine autocomplete (not modal) inside treatment","Medium","in_progress","no","The treatment medicine field now uses the accessible `ComboboxField` instead of a normal select. It searches loaded generic and brand names, displays stock on hand, supports keyboard navigation, and stores the selected medicine ID without opening another modal.","(a) Run the live keyboard/pointer workflow. (b) Confirm unavailable/archived medicines are not offered by the source query. (c) Submit a medication treatment and capture a defense screenshot.","frontend/src/components/ComboboxField.tsx; frontend/src/pages/ClinicPage.tsx","Open encounter → Care → Treatments, select Medication, type `par`, confirm matching medicines filter live, use ArrowDown/Enter to select, enter quantity/description, and submit successfully.","—","Implementation, typecheck, lint, and build pass. Live treatment submission remains before marking done."
"P4.4","Encounters","[15:47-22:14] Patient Encounters and Medical Records Management","Confirmation prompt for encounter completion","High","in_progress","no","Desktop-table and responsive-card encounter actions now open the shared `ConfirmDialog` with the explicit question `Are you sure you want to complete this encounter?`; the close mutation runs only from confirmation. Mark no-show uses the same safety pattern. The Flutter clinic screen is currently read-only and exposes no completion mutation to guard.","(a) Run live Cancel and Confirm paths. (b) Confirm repeat submission is disabled while pending. (c) Add an AlertDialog if a future mobile release exposes encounter completion.","frontend/src/components/ConfirmDialog.tsx; frontend/src/pages/ClinicPage.tsx","Open an active encounter and choose Complete encounter. Confirm the dialog appears. Cancel and verify the encounter remains open. Repeat, confirm, and verify it closes once. Repeat the no-show confirmation path on an eligible encounter.","—","Implementation, typecheck, lint, and build pass. Live mutation verification remains before marking done."
"P5.1","Waste / BMG","[22:29-30:15] Waste Management and Decomposition Tracking","Change default decomposition baseline from 45 → 21 days","High","in_progress","no","`BmgAnalytics::DEFAULT_DURATION_DAYS` is now the canonical 21-day fallback, the remaining unit-list service fallback uses that constant instead of a literal 45, and an additive migration backfills category rows whose reference duration is NULL to 21.","(a) Apply the backfill migration in a disposable integration database and inspect affected category counts. (b) Confirm clinic stakeholders approve any category-specific duration that differs from 21. (c) Verify a newly started batch without a category override receives a 21-day expected completion date.","backend/app/Services/Analytics/BmgAnalytics.php; backend/app/Modules/Facilities/Services/BmgService.php; backend/tests/unit/BmgAnalyticsTest.php; backend/app/Database/Migrations/2026-08-13-000020_BmgDurationBaseline.php","Run `php vendor/bin/phpunit --filter BmgAnalyticsTest`; confirm zero/unknown duration adds 21 days. Apply the migration, open Facilities, and confirm an unset category/batch now resolves to 21 days rather than 45.","—","Backend suite passes 185 tests / 439 assertions. Migration and live Facilities verification remain before marking done."
"P5.2","Waste / BMG","[22:29-30:15] Waste Management and Decomposition Tracking","Sorting rules: bones not in food waste; yard waste needs twig chopping","High","todo","no","Advisor: `bones are restricted from food waste, and yard waste requires chopping up twigs`. No data layer enforcement exists today; no UI hint.","(a) Add `forbidden_in_categories` JSON column (or `allowed_category_ids`) on `facilities_waste_categories` to encode `bones → NOT food waste`. (b) Add a `preparation_required` text/JSON field on the category (e.g. `{ twig_chop: true }`) for yard waste. (c) On `POST /facilities/batches` validation: reject bone items added to a food-waste batch with `validation.field`. (d) UI: show a yellow preparation chip + checklist when starting a yard-waste batch (`Have you chopped the twigs?`).","backend/app/Database/Migrations/* (new column migration); backend/app/Modules/Facilities/Services/BmgService.php; backend/app/Modules/Facilities/DTOs/BmgBatchDto.php; frontend/src/pages/DrumDetailPage.tsx; mobile/lib/features/facilities/facilities_screen.dart","Start a new batch with `category=food-waste`, `input_items=[{sku:'bones', qty:5}]` — expect 422 `validation.field` rejection. Start a yard-waste batch — confirm preparation checklist renders with `Chop twigs` step.","—","Advisory: this requires sourcing a `bones` SKU label or agreed taxonomy."
"P5.3","Waste / BMG","[22:29-30:15] Waste Management and Decomposition Tracking","Optimal extraction day predictor (yield-vs-days regression)","High","todo","no","Advisor: `must utilize historical data (mapping yield percentages against elapsed days) to predict the optimal extraction day`. Currently `wasteCategoryDeviation()` gives per-category aggregate yield vs reference but no day-by-day curve and no forward projection. The system is a `digital logbook`; this phase turns it into actionable insight.","(a) New endpoint `GET /facilities/categories/{id}/extraction-curve` — returns `{day: int, avg_yield_pct: float, sample_count: int}[]` computed from released batches in that category. (b) New endpoint `GET /facilities/batches/{id}/recommended-extraction-day` — returns `{ day: int, expected_yield_pct: float, confidence: 'low'|'medium'|'high' }` by interpolating the curve. (c) On the drum detail page, render an SVG line chart of the curve + a marker showing today's predicted peak. (d) New table `facilities_bmg_batch_yields` (optional) to record per-batch per-day yield readings for finer future modeling.","backend/app/Services/Analytics/BmgAnalytics.php (new method extractionCurve + recommendedDay); backend/app/Modules/Facilities/Services/BmgService.php; backend/app/Modules/Facilities/Controllers/BmgController.php; backend/app/Modules/Facilities/Routes.php; frontend/src/pages/DrumDetailPage.tsx; frontend/src/hooks/useFacilities.ts","Seed at least 5 historical released batches for category `food-waste` with varied day-of-release and yield values. Call `/extraction-curve` — confirm an array with at least 5 points. Call `/recommended-extraction-day` for a brand new 0-day batch — confirm `day ≈ 21` with `confidence: 'medium'`.","—","This is the centerpiece transformation from `logbook` to `decision-support`."
"P6.1","Queuing","[30:27-35:46] System Queuing and Department Referrals","Separate queues by department (zone)","High","done","yes","Clinic and Guidance now have independently owned FIFO queues, positions, active service slots, transitions, wait estimates, permissions, queue-number prefixes, management surfaces, and grouped public display. Kiosk dispatch is destination-exclusive and referral handoff is explicit and idempotent rather than automatic.","(a) Obtain final product-owner approval for the provisional Guidance purpose labels. (b) Keep Clinic and Counselling queue permissions isolated. (c) Preserve explicit receiving-side handoff if referral workflow rules change.","backend/app/Database/Migrations/2026-08-14-000010_DestinationQueues.php; backend/app/Modules/Clinic/Services/CheckinService.php; backend/app/Modules/Clinic/Services/QueueService.php; backend/app/Modules/Counselling/Services/QueueService.php; backend/app/Modules/Referrals/Services/ReferralService.php; frontend/src/pages/KioskStationPage.tsx; frontend/src/pages/CounsellingPage.tsx; frontend/src/pages/QueueDisplayPage.tsx; docs/GUIDANCE_QUEUE_ASSUMPTIONS.md","Run backend PHPUnit, frontend typecheck/lint/build, and `npx playwright test e2e/destination-queues.spec.ts`. Live check: Guidance check-in returns G-### without a Clinic encounter; Clinic returns C-### independently; counsellor can call/start/skip/complete Guidance; repeated referral handoff returns the same entry.","—","Migration applied successfully in the development database. Live verification covered destination-scoped purpose rejection, cross-destination duplicate scope, Guidance lifecycle/session linkage, kiosk least privilege, and repeated handoff idempotency. Guidance guest check-in remains intentionally unsupported."
"P6.2","Queuing","[30:27-35:46] System Queuing and Department Referrals","Standard queuing — no priority bypass","High","done","yes","`QueueService::callNext` locks active rows and calls the lowest daily position first. The FIFO/no-bypass policy is documented, and an executable contract test prevents priority or urgency ordering from replacing position order.","(a) Preserve the FIFO contract in the future Guidance queue. (b) Keep emergency escalation as a documented clinical workflow rather than hidden queue reordering.","backend/app/Modules/Clinic/Services/QueueService.php; backend/tests/unit/QueueFifoContractTest.php","Run `php vendor/bin/phpunit --filter QueueFifoContractTest`; confirm ascending-position and no-priority-order tests pass. In the live queue, call next and confirm the lowest waiting position is selected.","—","Backend suite passes 183 tests and 434 assertions, including the FIFO contract."
"P7.1","Reports","[35:46-37:49] Dashboard Reporting and Analytics","Academic Year (Aug → Jul) filter presets","High","todo","no","Advisor: `Data filtering, reporting, and presets must align with the Academic Year (August to July), rather than the standard calendar year`. Currently `ReportRange::resolve()` defaults to trailing 30 days; no AY preset exists.","(a) Add `ACADEMIC_YEAR_START_MONTH = 8` (August) constant. (b) Add `ReportRange::academicYear(int $year)` returning `{start: 'YYYY-08-01', end: 'YYYY+1-07-31'}` for the given start year (e.g. AY 2025-2026 → 2025-08-01..2026-07-31). (c) Add a preset selector in `ReportsPage` and `DashboardPage` with: Today / 7d / 30d / This Month / This Academic Year / Custom. (d) Add a `parseAcademicYear` helper. (e) Add a CLI command `php spark reports:ay-current` printing the active AY.","backend/app/Modules/Reports/Services/ReportRange.php; frontend/src/pages/ReportsPage.tsx; frontend/src/pages/DashboardPage.tsx; frontend/src/hooks/useReports.ts; frontend/src/components/ui/date-range-picker.tsx (preset list); mobile/lib/features/dashboard/dashboard_screen.dart","Open Reports → Range dropdown → `This Academic Year` → dates auto-populate to 2025-08-01..2026-07-31 (today is in 2026 so AY is 2025-2026). Confirm trend chart covers 12 months. Switch to `This Month` → dates update.","—","Timezone: AY is calendar-Aug-to-Jul in Asia/Manila, NOT UTC."
"P7.2","Reports","[35:46-37:49] Dashboard Reporting and Analytics","Daily / Weekly / Monthly / Academic-Year aggregation granularity","High","todo","no","TrendChart is daily only. Advisor wants daily, weekly, monthly, and yearly chart filters so staff can identify peak encounter periods. In this project, the yearly view must follow the August-to-July academic year rather than silently reverting to a January-to-December calendar year.","(a) Backend: change `daily_trend` SQL to `GROUP BY <bucket>` driven by a `granularity` query param (`day`|`week`|`month`|`academic_year`). (b) Define the weekly boundary explicitly and calculate it in Asia/Manila. (c) Add `granularity` to the reports Zod schema. (d) Frontend TrendChart accepts the bucket and labels the X axis appropriately. (e) Add the same granularity control to ReportsPage and DashboardPage.","backend/app/Modules/Reports/Services/ReportService.php (new `bucketize` helper); backend/app/Modules/Reports/Services/ReportConfigService.php; frontend/src/components/reports/TrendChart.tsx; frontend/src/pages/ReportsPage.tsx; frontend/src/pages/DashboardPage.tsx; frontend/src/schemas/reports.ts","Open AY 2025-2026 and select Monthly; confirm the 12 ordered buckets run Aug 2025 through Jul 2026, not Jan through Dec. Select Daily over 30 days and confirm daily points. Select Academic Year over a multi-year range and confirm one bucket per Aug-to-Jul year.","—","All boundaries must use Asia/Manila. If the UI retains the label `Yearly`, define it visibly as Academic Year (Aug–Jul)."
"P7.3","Reports","[35:46-37:49] Dashboard Reporting and Analytics","Peak-month eye-opener for staff planning","Medium","todo","no","Advisor: charts should expose historically busy encounter months so clinic staff can use evidence when planning leave. The trend chart shows data but does not call out the peak; the meeting did not request a future-demand forecast.","(a) Compute `peak_bucket` (label + value) for the selected academic year or comparison range. (b) Frontend TrendChart highlights it with a caption such as `Peak month in AY 2025-2026: March 2026 (212 encounters)`. (c) Dashboard: show a `Historically busiest month` callout and clearly state the selected period. (d) Do not label the result `upcoming` or imply prediction unless a separate forecasting method is later designed and validated.","backend/app/Modules/Reports/Services/ReportService.php (peakBucket); frontend/src/components/reports/TrendChart.tsx; frontend/src/pages/DashboardPage.tsx","Open Reports → AY 2025-2026 and confirm the highest observed monthly bucket is highlighted. Change the academic year and confirm the callout recomputes and states the new period. Open Dashboard as clinic staff and confirm the wording describes historical evidence rather than a forecast.","—","Tie-in with P7.1 AY presets. This is descriptive analytics for staff planning, not predictive analytics."
